<?xml version="1.0" encoding="UTF-8"?>
<project-private xmlns="http://www.netbeans.org/ns/project-private/1">
    <editor-bookmarks xmlns="http://www.netbeans.org/ns/editor-bookmarks/2" lastBookmarkId="0"/>
    <open-files xmlns="http://www.netbeans.org/ns/projectui-open-files/2">
        <group>
            <file>file:/home/sergio/Documents/GitHub/university/IPC/pract1/calculator/src/javafxmlapplication/JavaFXMLApplication.java</file>
            <file>file:/home/sergio/Documents/GitHub/university/IPC/pract1/calculator/src/javafxmlapplication/FXMLDocument.fxml</file>
            <file>file:/home/sergio/Documents/GitHub/university/IPC/pract1/calculator/src/javafxmlapplication/FXMLDocumentController.java</file>
        </group>
    </open-files>
</project-private>
